laptop_ID,Company,Product,TypeName,Memory,Price_euros,Display_type,Storage_type
1014,Acer,Nitro 5,Gaming,128GB SSD +  1TB HDD,1260.0,IPS,SSD + HDD
1203,Asus,Rog GL552VW-DM201T,Gaming,256GB SSD +  1TB HDD,909.0,IPS,SSD + HDD
140,Asus,FX753VD-GC086T (i5-7300HQ/8GB/1TB,Gaming,128GB SSD +  1TB HDD,938.0,Другое,SSD + HDD
622,Asus,FX753VD-GC007T (i7-7700HQ/8GB/1TB,Gaming,128GB SSD +  1TB HDD,1168.0,Другое,SSD + HDD
309,Asus,GL553VE-FY082T (i7-7700HQ/8GB/1TB,Gaming,128GB SSD +  1TB HDD,1265.0,Другое,SSD + HDD
501,Asus,Rog G752VL-UH71T,Gaming,256GB SSD +  1TB HDD,1269.0,IPS Touch,SSD + HDD
48,Asus,Rog Strix,Gaming,256GB SSD +  1TB HDD,1299.0,Другое,SSD + HDD
1134,Asus,Rog GL752VW-T4308T,Gaming,128GB SSD +  1TB HDD,1312.49,Другое,SSD + HDD
799,Asus,FX502VM-DM560T (i7-7700HQ/8GB/1TB,Gaming,128GB SSD +  1TB HDD,1339.0,Другое,SSD + HDD
1124,Asus,Rog GL552VW-CN470T,Gaming,128GB SSD +  1TB HDD,1339.0,IPS,SSD + HDD
499,Asus,VivoBook Pro,Gaming,128GB SSD +  1TB HDD,1350.0,Другое,SSD + HDD
898,Asus,Rog GL753VD-GC082T,Gaming,128GB SSD +  1TB HDD,1369.9,Другое,SSD + HDD
216,Asus,ROG GL703VD-GC028T,Gaming,256GB SSD +  1TB HDD,1407.0,Другое,SSD + HDD
90,Asus,FX503VM-E4007T (i7-7700HQ/16GB/1TB,Gaming,128GB SSD +  1TB HDD,1449.0,IPS,SSD + HDD
526,Asus,FX753VE-GC155T (i7-7700HQ/16GB/1TB,Gaming,256GB SSD +  1TB HDD,1504.0,Другое,SSD + HDD
408,Asus,FX753VD-GC461T (i7-7700HQ/16GB/1TB,Gaming,256GB SSD +  1TB HDD,1529.0,Другое,SSD + HDD
276,Asus,Rog Strix,Gaming,256GB SSD +  1TB HDD,1549.0,Другое,SSD + HDD
397,Asus,Rog GL753VE-GC070T,Gaming,256GB SSD +  1TB HDD,1591.0,Другое,SSD + HDD
1107,Asus,Rog GL702VM-GC354T,Gaming,256GB SSD +  1TB HDD,1599.0,IPS,SSD + HDD
1263,Asus,Rog GL553VE-FY052T,Gaming,256GB SSD +  1TB HDD,1600.0,IPS,SSD + HDD
171,Dell,Inspiron 5577,Gaming,128GB SSD +  1TB HDD,1060.49,Другое,SSD + HDD
776,Dell,Inspiron 7559,Gaming,128GB SSD +  1TB HDD,1099.0,IPS Touch,SSD + HDD
432,Dell,Inspiron 7577,Gaming,128GB SSD +  1TB HDD,1159.0,IPS,SSD + HDD
1083,Dell,Alienware 15,Gaming,256GB SSD +  1TB HDD,1329.0,Другое,SSD + HDD
87,Dell,Inspiron 7577,Gaming,128GB SSD +  1TB HDD,1349.0,IPS,SSD + HDD
932,Dell,Inspiron 7567,Gaming,128GB SSD +  1TB HDD,1349.0,Другое,SSD + HDD
639,Dell,Inspiron 7567,Gaming,256GB SSD +  1TB HDD,1479.0,Другое,SSD + HDD
1183,Dell,Inspiron 7567,Gaming,128GB SSD +  1TB HDD,1498.0,Другое,SSD + HDD
42,Dell,Inspiron 7577,Gaming,256GB SSD +  1TB HDD,1499.0,IPS,SSD + HDD
451,HP,Omen 15-AX205na,Gaming,128GB SSD +  1TB HDD,1099.0,IPS,SSD + HDD
1144,HP,Omen -,Gaming,128GB SSD +  1TB HDD,1129.0,IPS,SSD + HDD
386,HP,Omen 17-w212nv,Gaming,128GB SSD +  1TB HDD,1191.0,IPS,SSD + HDD
102,HP,Omen 15-ce007nv,Gaming,128GB SSD +  1TB HDD,1249.0,IPS,SSD + HDD
202,HP,Omen 17-W295,Gaming,256GB SSD +  1TB HDD,1379.0,IPS,SSD + HDD
954,HP,Omen 17-W006na,Gaming,128GB SSD +  1TB HDD,1399.0,IPS,SSD + HDD
593,HP,Omen 17-AN010nv,Gaming,256GB SSD +  1TB HDD,1498.0,IPS,SSD + HDD
22,Lenovo,Legion Y520-15IKBN,Gaming,128GB SSD +  1TB HDD,999.0,IPS,SSD + HDD
959,Lenovo,IdeaPad Y700-15ACZ,Gaming,512GB SSD +  1TB HDD,999.0,IPS,SSD + HDD
1246,Lenovo,IdeaPad Y700-15ISK,Gaming,128GB SSD +  1TB HDD,1029.0,IPS Touch,SSD + HDD
769,Lenovo,Legion Y520-15IKBN,Gaming,128GB SSD +  1TB HDD,1048.0,IPS,SSD + HDD
648,Lenovo,Legion Y520-15IKBN,Gaming,128GB SSD +  1TB HDD,1109.0,IPS,SSD + HDD
351,Lenovo,Legion Y520-15IKBN,Gaming,256GB SSD +  2TB HDD,1129.0,IPS,SSD + HDD
293,Lenovo,Legion Y520-15IKBN,Gaming,256GB SSD +  1TB HDD,1179.0,IPS,SSD + HDD
1001,Lenovo,Legion Y520-15IKBN,Gaming,128GB SSD +  1TB HDD,1189.0,IPS,SSD + HDD
666,Lenovo,IdeaPad Y700-15ISK,Gaming,128GB SSD +  1TB HDD,1196.0,IPS,SSD + HDD
718,Lenovo,Legion Y520-15IKBN,Gaming,128GB SSD +  1TB HDD,1249.0,IPS,SSD + HDD
1236,Lenovo,IdeaPad Y700-15ISK,Gaming,128GB SSD +  1TB HDD,1272.0,IPS,SSD + HDD
527,Lenovo,Legion Y720-15IKB,Gaming,256GB SSD +  1TB HDD,1399.0,IPS,SSD + HDD
237,Lenovo,Legion Y720-15IKB,Gaming,256GB SSD +  1TB HDD,1499.0,IPS,SSD + HDD
795,MSI,GL62M (i5-7300HQ/8GB/1TB,Gaming,128GB SSD +  1TB HDD,1089.0,Другое,SSD + HDD
75,MSI,GL72M 7RDX,Gaming,128GB SSD +  1TB HDD,1095.0,Другое,SSD + HDD
933,MSI,GL62M 7RD,Gaming,128GB SSD +  1TB HDD,1119.91,Другое,SSD + HDD
1157,MSI,GP62M 7RDX,Gaming,128GB SSD +  1TB HDD,1142.8,Другое,SSD + HDD
1247,MSI,GL62M 7RDX,Gaming,128GB SSD +  1TB HDD,1149.0,Другое,SSD + HDD
1256,MSI,GL62 6QF,Gaming,128GB SSD +  1TB HDD,1169.0,Другое,SSD + HDD
661,MSI,GL62M 7REX,Gaming,128GB SSD +  1TB HDD,1191.8,Другое,SSD + HDD
1046,MSI,GL72M 7RDX,Gaming,128GB SSD +  1TB HDD,1191.8,Другое,SSD + HDD
336,MSI,GL72M 7REX,Gaming,256GB SSD +  1TB HDD,1199.0,Другое,SSD + HDD
951,MSI,GP62M Leopard,Gaming,128GB SSD +  1TB HDD,1199.0,Другое,SSD + HDD
1277,MSI,GE62 Apache,Gaming,128GB SSD +  1TB HDD,1229.0,Другое,SSD + HDD
683,MSI,GP62 7RDX,Gaming,256GB SSD +  1TB HDD,1294.0,Другое,SSD + HDD
111,MSI,GP62M 7REX,Gaming,256GB SSD +  1TB HDD,1299.0,Другое,SSD + HDD
732,MSI,GL72M 7REX,Gaming,128GB SSD +  1TB HDD,1348.48,Другое,SSD + HDD
358,MSI,GP72MVR 7RFX,Gaming,128GB SSD +  1TB HDD,1409.0,Другое,SSD + HDD
1239,MSI,GP62MVR 6RF,Gaming,128GB SSD +  1TB HDD,1476.11,Другое,SSD + HDD
672,MSI,GP72VR Leopard,Gaming,128GB SSD +  1TB HDD,1486.77,Другое,SSD + HDD
1174,MSI,GP72M 7REX,Gaming,256GB SSD +  1TB HDD,1492.8,Другое,SSD + HDD
1121,MSI,GE72 Apache,Gaming,128GB SSD +  1TB HDD,1511.19,Другое,SSD + HDD
1061,MSI,GT72S Dominator,Gaming,256GB SSD +  1TB HDD,1545.64,IPS,SSD + HDD
1251,MSI,GE72VR Apache,Gaming,256GB SSD +  1TB HDD,1598.0,Другое,SSD + HDD
931,MSI,GE72VR 6RF,Gaming,256GB SSD +  1TB HDD,1599.0,Другое,SSD + HDD
